-- phpMyAdmin SQL Dump
-- version 4.0.10.7
-- http://www.phpmyadmin.net
--
-- Host: localhost:3306
-- Generation Time: Dec 01, 2015 at 03:13 PM
-- Server version: 5.5.31-MariaDB
-- PHP Version: 5.4.31

SET SQL_MODE = "NO_AUTO_VALUE_ON_ZERO";
SET time_zone = "+00:00";


/*!40101 SET @OLD_CHARACTER_SET_CLIENT=@@CHARACTER_SET_CLIENT */;
/*!40101 SET @OLD_CHARACTER_SET_RESULTS=@@CHARACTER_SET_RESULTS */;
/*!40101 SET @OLD_COLLATION_CONNECTION=@@COLLATION_CONNECTION */;
/*!40101 SET NAMES utf8 */;

--
-- Database: `siimanto_pulsa`
--

-- --------------------------------------------------------

--
-- Table structure for table `siimanto_sessions`
--

CREATE TABLE IF NOT EXISTS `siimanto_sessions` (
  `session_id` varchar(40) NOT NULL DEFAULT '0',
  `ip_address` varchar(45) NOT NULL DEFAULT '0',
  `user_agent` varchar(120) NOT NULL,
  `last_activity` int(10) unsigned NOT NULL DEFAULT '0',
  `user_data` text NOT NULL,
  PRIMARY KEY (`session_id`),
  KEY `last_activity_idx` (`last_activity`)
) ENGINE=InnoDB DEFAULT CHARSET=latin1;

--
-- Dumping data for table `siimanto_sessions`
--

INSERT INTO `siimanto_sessions` (`session_id`, `ip_address`, `user_agent`, `last_activity`, `user_data`) VALUES
('19d91a43b51c0745e6dab70b569d5380', '180.76.15.30', 'Mozilla/5.0 (compatible; Baiduspider/2.0; +http://www.baidu.com/search/spider.html)', 1448923804, ''),
('2a0629faf00d1e4aae0d2ae0cbb2b5b6', '200.59.28.128', 'Mozilla/5.0 (Windows NT 6.1; WOW64) AppleWebKit/537.36 (KHTML, like Gecko) Chrome/36.0.1985.143 Safari/537.36', 1448935996, ''),
('34e42d85cf23012f888a38ebe3db3e84', '202.188.29.180', 'Mozilla/5.0 (Windows NT 6.1; WOW64) AppleWebKit/537.36 (KHTML, like Gecko) Chrome/35.0.1916.153 Safari/537.36', 1448932698, ''),
('397388411506d3d986f66ac00f3b0425', '202.62.16.186', 'Mozilla/5.0 (Linux; Android 5.1.1; ASUS_T00N Build/LMY48Y) AppleWebKit/537.36 (KHTML, like Gecko) Version/4.0 Chrome/39.', 1448899134, 'a:8:{s:9:"user_data";s:0:"";s:8:"user_uid";s:5:"admin";s:9:"firstname";s:5:"Indra";s:8:"lastname";s:8:"Hermanto";s:5:"level";s:5:"admin";s:10:"user_email";s:26:"indrapastisukses@gmail.com";s:5:"group";s:5:"rumah";s:9:"logged_in";i:1;}'),
('3fb0bba98a5f183145f6998b5dd90e25', '186.194.211.199', 'Mozilla/5.0 (Windows NT 6.1; WOW64) AppleWebKit/537.36 (KHTML, like Gecko) Chrome/36.0.1985.143 Safari/537.36', 1448889296, ''),
('7dba1da74de28506f649219a1b55a917', '66.249.85.233', 'Google favicon', 1448932206, ''),
('cb722951db5276cd18d06075efcf2b68', '187.54.44.30', 'Mozilla/5.0 (Windows NT 6.1; WOW64) AppleWebKit/537.36 (KHTML, like Gecko) Chrome/36.0.1985.143 Safari/537.36', 1448913512, ''),
('f158177a47ef4d3bf9ef5b705a7daead', '202.62.16.65', 'Mozilla/5.0 (Linux; Android 5.1.1; ASUS_T00N Build/LMY48Y) AppleWebKit/537.36 (KHTML, like Gecko) Version/4.0 Chrome/39.', 1448945993, '');

-- --------------------------------------------------------

--
-- Table structure for table `str_nomor`
--

CREATE TABLE IF NOT EXISTS `str_nomor` (
  `nomor_id` varchar(4) NOT NULL,
  `cus_id` int(4) NOT NULL,
  `opr_id` varchar(4) NOT NULL,
  `nomor` varchar(13) NOT NULL,
  `nomor_stat` tinyint(1) NOT NULL,
  PRIMARY KEY (`nomor_id`),
  KEY `cus_id` (`cus_id`),
  KEY `nomor` (`nomor`),
  KEY `nomor_id` (`nomor_id`),
  KEY `nomor_id_2` (`nomor_id`),
  KEY `nomor_2` (`nomor`),
  KEY `nomor_id_3` (`nomor_id`),
  KEY `nomor_3` (`nomor`)
) ENGINE=MyISAM DEFAULT CHARSET=latin1;

--
-- Dumping data for table `str_nomor`
--

INSERT INTO `str_nomor` (`nomor_id`, `cus_id`, `opr_id`, `nomor`, `nomor_stat`) VALUES
('r3O4', 20, 'bMcq', '081908015885', 1),
('AdMn', 1, '', '0', 1),
('qNou', 19, 'bMcq', '081806390265', 1),
('LmX1', 17, 'bMcq', '087876682535', 1),
('br2k', 14, 'bMcq', '087880781348', 1),
('VTya', 14, 'bMcq', '087724601848', 1),
('ZV01', 13, 'bMcq', '087878010613', 1),
('Rc9Z', 13, 'bMcq', '087875205972', 1),
('g15n', 13, 'bMcq', '087875205908', 1),
('Cc9K', 13, 'bMcq', '087784342236', 1),
('oVYf', 13, 'bMcq', '087770060955', 1),
('c6VL', 13, 'bMcq', '083807545072', 1),
('8RV4', 13, 'bMcq', '081911945636', 1),
('EoRK', 13, 'bMcq', '081807706700', 1),
('AxoQ', 12, 'bMcq', '087884010679', 1),
('seZM', 10, 'bMcq', '087777177745', 1),
('6AxQ', 10, 'bMcq', '087736606137', 1),
('b3Jm', 10, 'bMcq', '081908908952', 1),
('zELA', 7, 'bMcq', '087886848528', 1),
('z6O2', 4, 'bMcq', '087888363432', 1),
('hZLI', 87, 'uoyt', '08567690127', 1),
('HLno', 82, 'uoyt', '085773021995', 1),
('zq1U', 75, 'uoyt', '085892210704', 1),
('YJeB', 75, 'uoyt', '085697318148', 1),
('fCGx', 71, 'uoyt', '085771081168', 1),
('iAR7', 71, 'uoyt', '085717031996', 1),
('lgDA', 71, 'uoyt', '08569855895', 1),
('nHRx', 69, 'uoyt', '085814055474', 1),
('wlFN', 67, 'uoyt', '085810567979', 1),
('5PQC', 65, 'uoyt', '085714808202', 1),
('5Aab', 60, 'uoyt', '085776609459', 1),
('vC8B', 58, 'uoyt', '08161698071', 1),
('4Q7h', 50, 'uoyt', '085771001448', 1),
('KeHF', 45, 'uoyt', '08561733339', 1),
('qlXP', 44, 'uoyt', '085881534112', 1),
('64lP', 41, 'uoyt', '085723081159', 1),
('GPcb', 39, 'uoyt', '085716363977', 1),
('qgnj', 38, 'uoyt', '085780515421', 1),
('FxW2', 36, 'uoyt', '085776368397', 1),
('gTaD', 34, 'uoyt', '085692226330', 1),
('JZK7', 31, 'uoyt', '085868241294', 1),
('vdxl', 30, 'uoyt', '08568432297', 1),
('yjTL', 27, 'uoyt', '085702027933', 1),
('2yVW', 25, 'uoyt', '085715773321', 1),
('WkXb', 25, 'uoyt', '081519530751', 1),
('FKRj', 24, 'uoyt', '085797856529', 1),
('42nn', 22, 'uoyt', '085778431805', 1),
('5aoC', 22, 'uoyt', '08577100669', 1),
('MwFC', 20, 'uoyt', '085778064222', 1),
('Ac4r', 18, 'uoyt', '085717264242', 1),
('azFz', 17, 'uoyt', '085892227591', 1),
('0Z60', 17, 'uoyt', '085715513030', 1),
('0bxR', 16, 'uoyt', '085710853306', 1),
('UDVz', 15, 'uoyt', '08561370743', 1),
('FovA', 14, 'uoyt', '085717013764', 1),
('gkEf', 14, 'uoyt', '085715382623', 1),
('z5WS', 14, 'uoyt', '08569821800', 1),
('FrTv', 13, 'uoyt', '085846249682', 1),
('uyl0', 13, 'uoyt', '085781146147', 1),
('V4qt', 13, 'uoyt', '085777642860', 1),
('8G1e', 13, 'uoyt', '085720874488', 1),
('nAx0', 13, 'uoyt', '085719547095', 1),
('vBSq', 13, 'uoyt', '085691362532', 1),
('hzAK', 13, 'uoyt', '08562043160', 1),
('AOgX', 10, 'uoyt', '085773861956', 1),
('l3yU', 10, 'uoyt', '085710342391', 1),
('vYEj', 10, 'uoyt', '085694709988', 1),
('APko', 10, 'uoyt', '08568377958', 1),
('CUzh', 10, 'uoyt', '081584642736', 1),
('lzwQ', 9, 'uoyt', '085719501267', 1),
('JSwP', 9, 'uoyt', '085714796564', 1),
('kxFz', 9, 'uoyt', '085694624907', 1),
('iAy4', 8, 'uoyt', '085295142612', 1),
('o67V', 6, 'uoyt', '085776299922', 1),
('U8kf', 6, 'uoyt', '085624929951', 1),
('WC4P', 3, 'uoyt', '085871288248', 1),
('sLVJ', 3, 'uoyt', '08567552429', 1),
('KVvq', 85, 'vYHq', '082113336137', 1),
('OusX', 79, 'vYHq', '082213547937', 1),
('GeLG', 73, 'vYHq', '085279374412', 1),
('VKdu', 73, 'vYHq', '085227259542', 1),
('NnjL', 73, 'vYHq', '081319517468', 1),
('Ku3G', 70, 'vYHq', '082129797255', 1),
('Wjul', 68, 'vYHq', '081384564805', 1),
('V3C2', 66, 'vYHq', '085312900497', 1),
('vUJL', 65, 'vYHq', '081296574584', 1),
('rX3b', 65, 'vYHq', '081212907220', 1),
('TPK6', 63, 'vYHq', '081808909156', 1),
('DiH5', 61, 'vYHq', '081285631967', 1),
('jxZh', 57, 'vYHq', '082110480620', 1),
('uStK', 56, 'vYHq', '082176179353', 1),
('kQf4', 55, 'vYHq', '081317191772', 1),
('0TIJ', 52, 'vYHq', '082167431966', 1),
('YZgK', 51, 'vYHq', '081297170643', 1),
('Ar7q', 47, 'vYHq', '081211699257', 1),
('1wN6', 46, 'vYHq', '081293198586', 1),
('V1pr', 45, 'vYHq', '08128704167', 1),
('tCpp', 42, 'vYHq', '082111617875', 1),
('Lt3g', 42, 'vYHq', '081314744695', 1),
('ZAFl', 42, 'vYHq', '081296660166', 1),
('I1j8', 39, 'vYHq', '082114311155', 1),
('Ibx1', 39, 'vYHq', '081381511613', 1),
('Qzqo', 36, 'vYHq', '081296333134', 1),
('fUlM', 34, 'vYHq', '081380199554', 1),
('aD5j', 33, 'vYHq', '082123882233', 1),
('n9wh', 31, 'vYHq', '085328703470', 1),
('pkOc', 29, 'vYHq', '081296660091', 1),
('yVuC', 26, 'vYHq', '082324226946', 1),
('E0DR', 26, 'vYHq', '082298535234', 1),
('6dl6', 26, 'vYHq', '082242445132', 1),
('FdoN', 26, 'vYHq', '082177456000', 1),
('5SP7', 26, 'vYHq', '082138646474', 1),
('ARCU', 26, 'vYHq', '082113789885', 1),
('nyQD', 26, 'vYHq', '081291550573', 1),
('YJTF', 26, 'vYHq', '081286562398', 1),
('jVMD', 26, 'vYHq', '081228503722', 1),
('Ujmo', 26, 'vYHq', '081225568638', 1),
('5uF2', 26, 'vYHq', '081215538225', 1),
('dTnJ', 25, 'vYHq', '085210616923', 1),
('iDKw', 25, 'vYHq', '082226286680', 1),
('yvIb', 25, 'vYHq', '081284653926', 1),
('JrJk', 25, 'vYHq', '081225055771', 1),
('ZvSx', 22, 'vYHq', '081288809432', 1),
('rr24', 18, 'vYHq', '081210906648', 1),
('edGs', 15, 'vYHq', '081290471236', 1),
('aQ3f', 14, 'vYHq', '081298181189', 1),
('vYN9', 13, 'vYHq', '081286931903', 1),
('oDjx', 13, 'vYHq', '081285931435', 1),
('lFMR', 13, 'vYHq', '081282484020', 1),
('BVAp', 13, 'vYHq', '081219110659', 1),
('Uskl', 12, 'vYHq', '089611739726', 1),
('g7Ue', 12, 'vYHq', '081291239893', 1),
('cSV9', 12, 'vYHq', '081266821849', 1),
('N2kH', 12, 'vYHq', '081212906780', 1),
('NFHs', 11, 'vYHq', '082110949074', 1),
('GHqI', 10, 'vYHq', '082221139198', 1),
('fUIA', 10, 'vYHq', '081382070118', 1),
('zLNe', 10, 'vYHq', '081293502773', 1),
('VX1a', 10, 'vYHq', '081284807227', 1),
('QlzD', 10, 'vYHq', '081283700061', 1),
('axVN', 8, 'vYHq', '085782292069', 1),
('hmeR', 8, 'vYHq', '085221409313', 1),
('lcfa', 8, 'vYHq', '082130973550', 1),
('urnT', 8, 'vYHq', '081290126277', 1),
('utFt', 13, 'lBwF', '02199956034', 1),
('elNJ', 83, 'rehM', '089520809631', 1),
('0kz8', 81, 'rehM', '089653746656', 1),
('V7hr', 76, 'rehM', '089636014721', 1),
('zSp0', 72, 'rehM', '089695534401', 1),
('fRv9', 72, 'rehM', '089688302609', 1),
('ngP5', 72, 'rehM', '089647611641', 1),
('0NnJ', 71, 'rehM', '08979137227', 1),
('IOSx', 68, 'rehM', '089632600792', 1),
('7R5F', 64, 'rehM', '089518128838', 1),
('gHNk', 59, 'rehM', '089650001459', 1),
('1F0t', 58, 'rehM', '089669159925', 1),
('LR2G', 54, 'rehM', '089654095169', 1),
('5vj4', 53, 'rehM', '089624662546', 1),
('pp1d', 52, 'rehM', '08977072497', 1),
('yJz8', 37, 'rehM', '089661417150', 1),
('Z7Po', 31, 'rehM', '089668796171', 1),
('AHiU', 31, 'rehM', '089637844484', 1),
('afFC', 31, 'rehM', '089602801924', 1),
('cBKg', 31, 'rehM', '089602801923', 1),
('Wet9', 27, 'rehM', '089670775887', 1),
('Z7R9', 27, 'rehM', '089630619894', 1),
('fwWA', 25, 'rehM', '08993727183', 1),
('RW3h', 25, 'rehM', '08984678690', 1),
('GYjT', 23, 'rehM', '089658453037', 1),
('aRbm', 20, 'rehM', '08981308653', 1),
('bSf1', 20, 'rehM', '08974681495', 1),
('WBGA', 20, 'rehM', '089644926802', 1),
('F2LS', 20, 'rehM', '089603558441', 1),
('oqBP', 18, 'rehM', '089619735934', 1),
('X7FF', 18, 'rehM', '089608954745', 1),
('gpkV', 17, 'rehM', '089680576535', 1),
('IJBo', 17, 'rehM', '089622736734', 1),
('ZBvk', 14, 'rehM', '089649978381', 1),
('9ju2', 13, 'rehM', '08996519948', 1),
('fmgr', 13, 'rehM', '089664691065', 1),
('tCFK', 13, 'rehM', '089601028488', 1),
('QOGr', 12, 'rehM', '089696255258', 1),
('MduE', 11, 'rehM', '089614389491', 1),
('1NDB', 10, 'rehM', '08988717935', 1),
('aIhO', 10, 'rehM', '089695339414', 1),
('4YMO', 8, 'rehM', '08998144584', 1),
('HwQn', 8, 'rehM', '08988336523', 1),
('SWfc', 7, 'rehM', '08988791063', 1),
('MhsC', 7, 'rehM', '08979695243', 1),
('PJUO', 6, 'rehM', '089651895001', 1),
('DUKs', 86, 'Uptd', '086503051718', 1),
('c6wt', 40, 'Uptd', '14031198360', 1),
('l0O3', 36, 'Uptd', '32019475121', 1),
('mlVE', 35, 'Uptd', '14031198444', 1),
('Uu3Q', 32, 'Uptd', '14046370145', 1),
('m4IV', 31, 'Uptd', '14031198352', 1),
('yokV', 26, 'Uptd', '14031198410', 1),
('0N3k', 26, 'Uptd', '14030687439', 1),
('QVNU', 25, 'Uptd', '86005987952', 1),
('IsWq', 25, 'Uptd', '14202931573', 1),
('Zmiz', 25, 'Uptd', '14031855340', 1),
('nh67', 19, 'Uptd', '14021412813', 1),
('btNc', 17, 'Uptd', '145650310048', 1),
('NmSw', 17, 'Uptd', '14031112121', 1),
('TWyc', 11, 'Uptd', '148750470655', 1),
('xsZs', 77, 'v6CY', '088211247353', 1),
('Y3IY', 70, 'v6CY', '088213243474', 1),
('EQRg', 51, 'v6CY', '088210024099', 1),
('7m5M', 42, 'v6CY', '088808175120', 1),
('il0r', 37, 'v6CY', '08888414031', 1),
('TAeX', 18, 'v6CY', '08811010657', 1),
('ILqd', 14, 'v6CY', '088212553851', 1),
('9n9R', 13, 'v6CY', '08888662063', 1),
('bK9Y', 13, 'v6CY', '088213200307', 1),
('MKpe', 13, 'v6CY', '088211861503', 1),
('elyU', 13, 'v6CY', '088211658707', 1),
('OS3P', 13, 'v6CY', '088211658704', 1),
('13ct', 6, 'v6CY', '088212158503', 1),
('xfTh', 6, 'v6CY', '088211898835', 1),
('7vEG', 78, 'kVI5', '083876113633', 1),
('J2jU', 62, 'kVI5', '083890838411', 1),
('ILgE', 53, 'kVI5', '083894198554', 1),
('BCYQ', 49, 'kVI5', '083807380996', 1),
('Hlgd', 37, 'kVI5', '083871118696', 1),
('Alri', 37, 'kVI5', '083806974051', 1),
('aDx4', 24, 'kVI5', '083870006156', 1),
('Lw5r', 22, 'kVI5', '083874595596', 1),
('Vcge', 20, 'kVI5', '083878557995', 1),
('PYs8', 20, 'kVI5', '083871456197', 1),
('XDPo', 19, 'kVI5', '083891580830', 1),
('iD7p', 19, 'kVI5', '083871670647', 1),
('7T6l', 19, 'kVI5', '083870006155', 1),
('ANLb', 19, 'kVI5', '083804437235', 1),
('15x7', 14, 'kVI5', '083872484009', 1),
('3y8k', 13, 'kVI5', '083872226507', 1),
('wCyM', 13, 'kVI5', '083870497667', 1),
('hvf8', 13, 'kVI5', '083807703352', 1),
('xgEy', 13, 'kVI5', '083807539289', 1),
('AuDA', 12, 'kVI5', '083896933063', 1),
('Dcnq', 12, 'kVI5', '083811114169', 1),
('TIVj', 10, 'kVI5', '083871332464', 1),
('X9qi', 10, 'kVI5', '083804622932', 1),
('HUfm', 8, 'kVI5', '083875481847', 1),
('aGk5', 5, 'kVI5', '083823230388', 1),
('KQrh', 21, 'bMcq', '085921100465', 1),
('oV8M', 22, 'bMcq', '087887961171', 1),
('4een', 24, 'bMcq', '087743930031', 1),
('iDR6', 24, 'bMcq', '087827013182', 1),
('yXKK', 24, 'bMcq', '087875856100', 1),
('HgkE', 24, 'bMcq', '087886495009', 1),
('QGA0', 25, 'bMcq', '087775388769', 1),
('W1t5', 25, 'bMcq', '087782693166', 1),
('9kOz', 25, 'bMcq', '087884102787', 1),
('9AoX', 26, 'bMcq', '081910761483', 1),
('YAWN', 26, 'bMcq', '087742051956', 1),
('5xSh', 26, 'bMcq', '087877686326', 1),
('4JV2', 26, 'bMcq', '087883759164', 1),
('fO9b', 26, 'bMcq', '087886021659', 1),
('bme3', 26, 'bMcq', '087886454417', 1),
('M9gS', 26, 'bMcq', '087888515885', 1),
('HOXM', 27, 'bMcq', '087878390407', 1),
('6UEK', 28, 'bMcq', '087774333625', 1),
('WYSk', 32, 'bMcq', '087878621212', 1),
('Gou0', 45, 'bMcq', '08179832311', 1),
('Yez0', 45, 'bMcq', '081911444760', 1),
('tRpw', 48, 'bMcq', '081808368000', 1),
('4jvy', 55, 'bMcq', '081908121720', 1),
('2Uzw', 62, 'bMcq', '081932463455', 1),
('eP69', 67, 'bMcq', '087823186878', 1),
('Gq5v', 67, 'bMcq', '087872026139', 1),
('irB9', 71, 'bMcq', '087775524682', 1),
('veEj', 73, 'bMcq', '087887743237', 1),
('TaHw', 84, 'bMcq', '087774564049', 1),
('lbnS', 32, '6Cri', '9991345205', 1),
('BFey', 32, '6Cri', '9991440003', 1),
('5wkr', 32, '6Cri', '9992266424', 1),
('G3lF', 43, '6Cri', '9992501289', 1),
('cfjz', 49, '6Cri', '9992194788', 1),
('MbfL', 72, '6Cri', '9992573084', 1),
('L8Sv', 80, '6Cri', '9992654714', 1),
('s5vT', 74, 'wa1e', '089649978369', 1),
('6wvu', 74, 'wa1e', '089649978396', 1),
('ffTM', 2, 'rehM', '08988794455', 1),
('dkA9', 2, 'Uptd', '32024900162', 1),
('AnvG', 2, 'rehM', '089502047705', 1),
('vFuJ', 86, 'Uptd', '56503051718', 1),
('zkxK', 88, 'vYHq', '085325821414', 1),
('BgQz', 89, 'uoyt', '085691834983', 1),
('aqXg', 10, 'uoyt', '085959492254', 1),
('ri5Q', 46, 'rehM', '089534728717', 1),
('Om53', 11, 'bMcq', '087885904490', 1),
('O9N3', 82, 'rehM', '089625772292', 1),
('wpxb', 53, 'rehM', '08976681624', 1),
('NJs0', 2, 'rehM', '08988794455', 1),
('tBuL', 2, 'rehM', '08988794455', 1),
('7IYs', 2, 'rehM', '08988794455', 1),
('pUJ6', 46, 'vYHq', '081295982999', 1),
('nce0', 86, 'vYHq', '082311114423', 1),
('QkL1', 10, 'bMcq', '087887583591', 1),
('PvlC', 90, 'vYHq', '085727898278', 1),
('7B46', 91, 'uoyt', '085215893994', 1);

-- --------------------------------------------------------

--
-- Table structure for table `str_operator`
--

CREATE TABLE IF NOT EXISTS `str_operator` (
  `opr_id` varchar(4) NOT NULL,
  `opr_kode` varchar(4) NOT NULL,
  `opr_grup` char(1) NOT NULL,
  `opr_nama` varchar(10) NOT NULL,
  `opr_stat` tinyint(1) NOT NULL,
  PRIMARY KEY (`opr_id`)
) ENGINE=MyISAM DEFAULT CHARSET=latin1;

--
-- Dumping data for table `str_operator`
--

INSERT INTO `str_operator` (`opr_id`, `opr_kode`, `opr_grup`, `opr_nama`, `opr_stat`) VALUES
('kVI5', 'AX', 'G', 'AXIS', 1),
('v6CY', 'SM', 'G', 'SMARTFREN', 1),
('Uptd', 'L', 'C', 'PLN PRA', 1),
('rehM', 'T', 'G', 'THREE', 1),
('lBwF', 'E', 'C', 'ESIA', 1),
('vYHq', 'S', 'G', 'TELKOMSEL', 1),
('uoyt', 'I', 'G', 'INDOSAT', 1),
('bMcq', 'X', 'G', 'XL AXIATA', 1),
('6Cri', 'B', 'C', 'BOLT', 1),
('wa1e', 'AON', 'G', 'THREE AON', 1),
('8Dx4', 'TV', 'G', 'THREE DATA', 1),
('qHLb', 'TD', 'G', 'TRF DEP', 1);

-- --------------------------------------------------------

--
-- Table structure for table `str_product`
--

CREATE TABLE IF NOT EXISTS `str_product` (
  `produk_id` varchar(5) NOT NULL,
  `produk_kode` varchar(6) NOT NULL,
  `opr_id` varchar(4) NOT NULL,
  `produk_nom` int(8) NOT NULL,
  `produk_hb` int(8) NOT NULL,
  `produk_hj` int(8) NOT NULL,
  `produk_un` int(8) NOT NULL,
  `produk_stat` tinyint(1) NOT NULL,
  PRIMARY KEY (`produk_id`),
  KEY `produk_id` (`produk_id`)
) ENGINE=MyISAM DEFAULT CHARSET=latin1;

--
-- Dumping data for table `str_product`
--

INSERT INTO `str_product` (`produk_id`, `produk_kode`, `opr_id`, `produk_nom`, `produk_hb`, `produk_hj`, `produk_un`, `produk_stat`) VALUES
('vuC6x', 'S25', 'vYHq', 25000, 25576, 27000, 1424, 1),
('PVYWZ', 'S20', 'vYHq', 20000, 20551, 22000, 1449, 1),
('deK9U', 'S10', 'vYHq', 10000, 10851, 12000, 1149, 1),
('8OftS', 'S5', 'vYHq', 5000, 5851, 7000, 1149, 1),
('sW6Eu', 'ES25', 'lBwF', 25000, 25025, 27000, 1975, 1),
('cF70k', 'ES10', 'lBwF', 10000, 10250, 12000, 1750, 1),
('GTVl7', 'ES5', 'lBwF', 5000, 4901, 7000, 2099, 1),
('y5E2c', 'ES1', 'lBwF', 1000, 1200, 2000, 800, 1),
('ztH1K', 'ES100', 'lBwF', 100000, 99650, 102000, 2350, 1),
('54bYI', 'ES50', 'lBwF', 50000, 49900, 52000, 2100, 1),
('YYxMS', 'T200', 'rehM', 200000, 180025, 190000, 9975, 1),
('8pfOx', 'T100', 'rehM', 100000, 98751, 102000, 3249, 1),
('eqlvg', 'T50', 'rehM', 50000, 47551, 60000, 12449, 1),
('vT8qA', 'T30', 'rehM', 30000, 29751, 32000, 2249, 1),
('4mrUv', 'T25', 'rehM', 25000, 25025, 27000, 1975, 1),
('pYDUP', 'T20', 'rehM', 20000, 19901, 22000, 2099, 1),
('YdeUV', 'T10', 'rehM', 10000, 10001, 12000, 1999, 1),
('ZUHIZ', 'T5', 'rehM', 5000, 5101, 7000, 1899, 1),
('BNSnt', 'T4', 'rehM', 4000, 4175, 5000, 825, 1),
('Vacck', 'T3', 'rehM', 3000, 3100, 4000, 900, 1),
('mPcMb', 'T2', 'rehM', 2000, 2101, 3000, 899, 1),
('Sk6CM', 'T1', 'rehM', 1000, 1101, 2000, 899, 1),
('46roz', 'L200', 'Uptd', 200000, 199775, 204000, 4225, 1),
('3XyzD', 'L150', 'Uptd', 150000, 149351, 152000, 2649, 1),
('RZ6xX', 'L125', 'Uptd', 125000, 124775, 127000, 2225, 1),
('qbeay', 'L100', 'Uptd', 100000, 100451, 103000, 2549, 1),
('K5e3f', 'L75', 'Uptd', 75000, 74050, 77000, 2950, 1),
('AlqPY', 'L50', 'Uptd', 50000, 50451, 53000, 2549, 1),
('XCyZV', 'L25', 'Uptd', 25000, 23751, 27000, 3249, 1),
('8YhQD', 'L20', 'Uptd', 20000, 18751, 22000, 3249, 1),
('cLAG5', 'SM100', 'v6CY', 100000, 100001, 102000, 1999, 1),
('f0Pp8', 'SM50', 'v6CY', 50000, 50001, 52000, 1999, 1),
('zJXow', 'SM25', 'v6CY', 25000, 25101, 27000, 1899, 1),
('VBSux', 'SM20', 'v6CY', 20000, 20101, 22000, 1899, 1),
('raYHB', 'SM10', 'v6CY', 10000, 10126, 12000, 1874, 1),
('v72u3', 'SM5', 'v6CY', 5000, 5126, 7000, 1874, 1),
('g69Gt', 'B200', '6Cri', 200000, 194550, 202000, 7450, 1),
('bkudx', 'B100', '6Cri', 100000, 97551, 102000, 4449, 1),
('L79Lp', 'B50', '6Cri', 50000, 48901, 52000, 3099, 1),
('ddYRQ', 'B25', '6Cri', 25000, 24901, 27000, 2099, 1),
('Rbhor', 'X100', 'bMcq', 100000, 100201, 102000, 1799, 1),
('EUAt9', 'X50', 'bMcq', 50000, 50226, 52000, 1774, 1),
('SuF2S', 'X25', 'bMcq', 25000, 25401, 27000, 1599, 1),
('2C0SN', 'X10', 'bMcq', 10000, 10751, 12000, 1249, 1),
('J077t', 'X5', 'bMcq', 5000, 5851, 7000, 1149, 1),
('vk6X1', 'AX100', 'kVI5', 100000, 100200, 102000, 1800, 1),
('mKo4y', 'AX50', 'kVI5', 50000, 50201, 52000, 1799, 1),
('dzvok', 'AX25', 'kVI5', 25000, 25401, 27000, 1599, 1),
('aGUST', 'AX10', 'kVI5', 10000, 10851, 12000, 1149, 1),
('kaf5M', 'AX5', 'kVI5', 5000, 5851, 7000, 1149, 1),
('Pndd1', 'S50', 'vYHq', 50000, 50001, 52000, 1999, 1),
('czbkt', 'S100', 'vYHq', 100000, 98751, 102000, 3249, 1),
('Gw9dY', 'I5', 'uoyt', 5000, 5601, 7000, 1399, 1),
('wpcXA', 'I10', 'uoyt', 10000, 10601, 12000, 1399, 1),
('H1rjj', 'I20', 'uoyt', 20000, 20201, 22000, 1799, 1),
('e4vG1', 'I25', 'uoyt', 25000, 25451, 27000, 1549, 1),
('m6Tg9', 'I30', 'uoyt', 30000, 30500, 32000, 1500, 1),
('DmShm', 'I50', 'uoyt', 50000, 49601, 52000, 2399, 1),
('l1nq8', 'I100', 'uoyt', 100000, 98551, 102000, 3449, 1),
('2PjrN', 'L30', 'Uptd', 30000, 28751, 32000, 3249, 1),
('eHRv6', 'AON2G', 'wa1e', 2048, 27001, 35000, 7999, 1),
('SOwCQ', 'AON5G', 'wa1e', 5120, 57851, 70000, 12149, 1),
('Cb6XX', 'TD50', 'qHLb', 50000, 100000, 100000, 0, 1),
('ifTzf', 'TD100', 'qHLb', 100000, 246936, 256500, 9564, 1);

-- --------------------------------------------------------

--
-- Table structure for table `str_saldo`
--

CREATE TABLE IF NOT EXISTS `str_saldo` (
  `saldo_kode` varchar(3) NOT NULL,
  `saldo_nama` char(16) NOT NULL,
  `saldo_nom` decimal(8,0) NOT NULL,
  `saldo_stat` tinyint(1) NOT NULL,
  PRIMARY KEY (`saldo_kode`),
  KEY `saldo_kode` (`saldo_kode`),
  KEY `saldo_kode_2` (`saldo_kode`),
  KEY `saldo_kode_3` (`saldo_kode`),
  KEY `saldo_kode_4` (`saldo_kode`),
  KEY `saldo_kode_5` (`saldo_kode`),
  KEY `saldo_kode_6` (`saldo_kode`)
) ENGINE=MyISAM DEFAULT CHARSET=latin1;

--
-- Dumping data for table `str_saldo`
--

INSERT INTO `str_saldo` (`saldo_kode`, `saldo_nama`, `saldo_nom`, `saldo_stat`) VALUES
('PUL', 'Pulsa', '5183', 1),
('TOP', 'Tokopedia', '0', 1),
('PIU', 'Piutang', '652000', 1),
('BNK', 'Bank', '999999', 1),
('CAS', 'Cash', '999999', 1),
('HUT', 'Hutang', '0', 1),
('UNT', 'Untung', '999999', 1),
('MDL', 'Modal', '632110', 1);

-- --------------------------------------------------------

--
-- Table structure for table `str_status`
--

CREATE TABLE IF NOT EXISTS `str_status` (
  `status_id` int(11) NOT NULL AUTO_INCREMENT,
  `status_nama` char(16) NOT NULL,
  PRIMARY KEY (`status_id`)
) ENGINE=MyISAM  DEFAULT CHARSET=latin1 AUTO_INCREMENT=4 ;

--
-- Dumping data for table `str_status`
--

INSERT INTO `str_status` (`status_id`, `status_nama`) VALUES
(1, 'COMPLETE'),
(2, 'HUTANG'),
(3, 'CANCEL');

-- --------------------------------------------------------

--
-- Table structure for table `str_trx`
--

CREATE TABLE IF NOT EXISTS `str_trx` (
  `trx_id` int(11) NOT NULL,
  `trx_date` datetime NOT NULL,
  `trx_response` datetime NOT NULL,
  `trx_date_update` timestamp NOT NULL DEFAULT CURRENT_TIMESTAMP ON UPDATE CURRENT_TIMESTAMP,
  `user_id` int(4) NOT NULL,
  `nomor_id` varchar(4) NOT NULL,
  `produk_kode` varchar(6) NOT NULL,
  `pulsa_id` varchar(5) NOT NULL,
  `produk_cost` int(8) NOT NULL,
  `produk_price` int(8) NOT NULL,
  `produk_profit` int(8) NOT NULL,
  `toko_id` varchar(32) NOT NULL,
  `trx_type` int(3) NOT NULL,
  `trx_stat` tinyint(1) NOT NULL,
  PRIMARY KEY (`trx_id`)
) ENGINE=MyISAM DEFAULT CHARSET=latin1;

--
-- Dumping data for table `str_trx`
--

INSERT INTO `str_trx` (`trx_id`, `trx_date`, `trx_response`, `trx_date_update`, `user_id`, `nomor_id`, `produk_kode`, `pulsa_id`, `produk_cost`, `produk_price`, `produk_profit`, `toko_id`, `trx_type`, `trx_stat`) VALUES
(1511090016, '2015-11-07 12:34:06', '2015-11-09 10:19:29', '2015-11-26 23:46:55', 37, 'Alri', 'AX10', 'aGUST', 10851, 12000, 1149, '', 100, 1),
(1511090017, '2015-11-07 21:29:32', '2015-11-09 10:20:26', '2015-11-29 05:02:50', 2, 'dkA9', 'L50', 'AlqPY', 50451, 53000, 2549, '', 100, 1),
(1511090015, '2015-11-07 12:26:13', '2015-11-09 10:19:05', '2015-11-29 05:02:50', 2, 'ffTM', 'T20', 'pYDUP', 19901, 22000, 2099, '', 100, 1),
(1511090014, '2015-11-05 14:52:25', '2015-11-09 10:18:31', '2015-11-09 03:47:42', 7, 'MhsC', 'T5', 'ZUHIZ', 5101, 7000, 1899, '', 300, 1),
(1511090013, '2015-11-05 14:50:58', '2015-11-09 10:18:07', '2015-11-09 03:47:31', 7, 'SWfc', 'T10', 'YdeUV', 10001, 12000, 1999, '', 300, 1),
(1511090012, '2015-11-01 10:23:53', '2015-11-09 10:17:16', '2015-11-15 03:13:22', 32, '5wkr', 'B100', 'bkudx', 97551, 102000, 4449, '', 200, 1),
(1511090011, '2015-10-30 16:05:24', '2015-11-09 10:16:47', '2015-11-09 03:47:03', 13, 'c6VL', 'AX5', 'kaf5M', 5851, 7000, 1149, '', 300, 1),
(1511090010, '2015-10-25 11:28:46', '2015-11-09 10:14:47', '2015-11-18 07:17:18', 17, '0Z60', 'I5', 'Gw9dY', 5601, 7000, 1399, '', 100, 1),
(1511090009, '2015-10-12 16:32:06', '2015-11-09 10:14:27', '2015-11-18 07:17:18', 17, '0Z60', 'I10', 'wpcXA', 10601, 12000, 1399, '', 100, 1),
(1511090008, '2015-10-12 07:51:17', '2015-11-09 10:14:03', '2015-11-22 04:16:49', 82, 'HLno', 'I10', 'wpcXA', 10601, 12000, 1399, '', 100, 1),
(1511090007, '2015-10-10 13:28:02', '2015-11-09 10:13:11', '2015-11-18 07:17:18', 17, 'gpkV', 'T5', 'ZUHIZ', 5101, 7000, 1899, '', 100, 1),
(1511090006, '2015-10-01 23:09:09', '2015-11-09 10:12:08', '2015-11-09 03:45:32', 19, '7T6l', 'AX10', 'aGUST', 10851, 12000, 1149, '', 300, 1),
(1511090005, '2015-09-25 14:50:42', '2015-11-09 10:11:42', '2015-11-09 03:44:29', 72, 'fRv9', 'T10', 'YdeUV', 10001, 12000, 1999, '', 300, 1),
(1511090001, '2015-11-09 10:05:29', '2015-11-09 10:05:29', '2015-11-09 03:05:29', 1, 'AdMn', '', '0', 0, 506547, 0, '', 120, 1),
(1511090002, '2015-11-09 10:05:29', '2015-11-09 10:05:29', '2015-11-09 03:05:29', 1, 'AdMn', '', '0', 0, 84000, 0, '', 110, 1),
(1511090003, '2015-11-09 10:05:29', '2015-11-09 10:05:29', '2015-11-09 03:05:29', 1, 'AdMn', '', '0', 0, 0, 0, '', 130, 1),
(1511090004, '2015-11-09 10:05:29', '2015-11-09 10:05:29', '2015-11-19 01:35:38', 1, 'AdMn', '', '0', 294026, 0, 0, '', 140, 1),
(1511090018, '2015-11-09 12:44:52', '2015-11-09 12:44:52', '2015-11-09 04:44:52', 7, 'SWfc', 'T10', 'YdeUV', 10001, 12000, 1999, '', 300, 1),
(1511100001, '2015-11-10 07:31:01', '2015-11-10 07:31:01', '2015-11-15 03:13:00', 10, 'aIhO', 'T10', 'YdeUV', 10001, 12000, 1999, '', 100, 1),
(1511100002, '2015-11-10 07:32:15', '2015-11-10 07:32:15', '2015-11-15 03:13:00', 10, 'TIVj', 'AX5', 'kaf5M', 5851, 7000, 1149, '', 100, 1),
(1511100003, '2015-11-10 08:17:33', '2015-11-10 08:17:33', '2015-11-15 03:12:55', 12, 'cSV9', 'S10', 'deK9U', 10701, 12000, 1299, '', 100, 1),
(1511100004, '2015-11-10 21:51:36', '2015-11-10 21:51:36', '2015-11-10 13:51:36', 1, 'AdMn', '', '0', 0, 84000, 0, '', 400, 1),
(1511100005, '2015-11-10 21:52:38', '2015-11-10 21:52:38', '2015-11-10 13:52:38', 1, 'AdMn', '', '0', 300566, 0, 0, '', 500, 1),
(1511100006, '2015-11-10 21:53:02', '2015-11-10 21:53:02', '2015-11-15 03:12:49', 81, '0kz8', 'T10', 'YdeUV', 10001, 12000, 1999, '', 100, 1),
(1511100007, '2015-11-10 21:55:05', '2015-11-10 21:55:05', '2015-11-29 05:02:50', 2, 'AnvG', 'T5', 'ZUHIZ', 5101, 7000, 1899, '', 100, 1),
(1511110001, '2015-11-11 07:03:12', '2015-11-11 07:03:12', '2015-11-13 01:47:55', 26, 'yokV', 'L50', 'AlqPY', 50451, 53000, 2549, '', 100, 1),
(1511110002, '2015-11-11 07:04:21', '2015-11-11 07:04:21', '2015-11-13 01:48:04', 26, '0N3k', 'L50', 'AlqPY', 50450, 0, 2549, '', 100, 0),
(1511110003, '2015-11-11 08:24:09', '2015-11-11 08:24:09', '2015-11-13 01:47:55', 26, '0N3k', 'L50', 'AlqPY', 50451, 53000, 2549, '', 100, 1),
(1511110004, '2015-11-11 11:22:45', '2015-11-11 11:22:45', '2015-11-15 03:13:00', 10, 'fUIA', 'S50', 'Pndd1', 50001, 52000, 1999, '', 100, 1),
(1511110005, '2015-11-11 11:24:24', '2015-11-11 11:24:24', '2015-11-15 03:13:00', 10, 'CUzh', 'I50', 'DmShm', 49601, 52000, 2399, '', 100, 1),
(1511130001, '2015-11-13 09:42:28', '2015-11-13 09:42:28', '2015-11-13 01:42:28', 1, 'AdMn', '', '0', 99265, 0, 0, '', 500, 1),
(1511130002, '2015-11-13 09:43:23', '2015-11-13 09:43:23', '2015-11-13 01:43:23', 86, 'vFuJ', 'L100', 'qbeay', 100451, 103000, 2549, '', 100, 1),
(1511130003, '2015-11-13 09:44:37', '2015-11-13 09:44:37', '2015-11-19 01:35:08', 88, '0853', 'S10', 'deK9U', 10726, 12000, 1274, '', 300, 0),
(1511130004, '2015-11-13 09:45:30', '2015-11-13 09:45:30', '2015-11-21 05:49:39', 88, 'zkxK', 'S10', 'deK9U', 10726, 12000, 1274, '', 100, 1),
(1511130005, '2015-11-13 09:46:27', '2015-11-13 09:46:27', '2015-11-19 01:35:13', 89, '0856', 'I10', 'wpcXA', 10601, 12000, 1399, '', 300, 0),
(1511130006, '2015-11-13 09:47:20', '2015-11-13 09:47:20', '2015-11-15 03:12:42', 89, 'BgQz', 'I10', 'wpcXA', 10601, 12000, 1399, '', 100, 1),
(1511130007, '2015-11-13 09:49:02', '2015-11-13 09:49:02', '2015-11-13 01:49:02', 1, 'AdMn', '', '0', 0, 10000, 0, '', 400, 1),
(1511130008, '2015-11-13 09:49:17', '2015-11-13 09:49:17', '2015-11-13 01:49:17', 1, 'AdMn', '', '0', 0, 4000, 0, '', 400, 1),
(1511130009, '2015-11-13 09:49:29', '2015-11-13 09:49:29', '2015-11-13 01:49:29', 1, 'AdMn', '', '0', 200836, 0, 0, '', 500, 1),
(1511130010, '2015-11-13 09:50:05', '2015-11-13 09:50:05', '2015-11-13 01:50:05', 40, 'c6wt', 'L100', 'qbeay', 100451, 103000, 2549, '', 100, 1),
(1511130011, '2015-11-13 09:50:40', '2015-11-13 09:50:40', '2015-11-15 03:12:55', 12, 'Dcnq', 'AX10', 'aGUST', 10851, 12000, 1149, '', 100, 1),
(1511130012, '2015-11-13 09:51:10', '2015-11-13 09:51:10', '2015-11-15 03:13:00', 10, 'AOgX', 'I10', 'wpcXA', 10601, 12000, 1399, '', 100, 1),
(1511130013, '2015-11-13 09:51:24', '2015-11-13 09:51:24', '2015-11-13 01:51:24', 7, 'MhsC', 'T5', 'ZUHIZ', 5101, 7000, 1899, '', 300, 1),
(1511140001, '2015-11-14 11:14:44', '2015-11-14 11:14:44', '2015-11-14 03:14:44', 26, '5xSh', 'X10', '2C0SN', 10751, 12000, 1249, '', 100, 1),
(1511140002, '2015-11-14 11:16:46', '2015-11-14 11:16:46', '2015-11-18 08:45:10', 26, '6dl6', 'S10', 'deK9U', 10726, 12000, 1274, '', 100, 1),
(1511140003, '2015-11-14 11:20:08', '2015-11-14 11:20:08', '2015-11-18 08:44:48', 46, '1wN6', 'S5', '8OftS', 5801, 7000, 1199, '', 100, 1),
(1511140004, '2015-11-14 11:21:05', '2015-11-14 11:21:05', '2015-11-15 03:12:29', 83, 'elNJ', 'SM5', 'v72u3', 5126, 7000, 1874, '', 100, 1),
(1511140005, '2015-11-14 11:21:53', '2015-11-14 11:21:53', '2015-11-15 03:13:00', 10, 'fUIA', 'S50', 'Pndd1', 50001, 52000, 1999, '', 100, 1),
(1511140006, '2015-11-14 11:22:31', '2015-11-14 11:22:31', '2015-11-15 03:13:00', 10, 'VX1a', 'S20', 'PVYWZ', 20551, 22000, 1449, '', 100, 1),
(1511150001, '2015-11-15 11:14:35', '2015-11-15 11:14:35', '2015-11-15 03:14:35', 81, '0kz8', 'T10', 'YdeUV', 10001, 12000, 1999, '', 100, 1),
(1511150002, '2015-11-15 11:14:46', '2015-11-15 11:14:46', '2015-11-21 15:24:57', 81, '0kz8', 'T10', 'YdeUV', 10001, 12000, 1999, '', 100, 1),
(1511150003, '2015-11-15 11:15:16', '2015-11-15 11:15:16', '2015-11-15 03:15:16', 6, 'PJUO', 'T5', 'ZUHIZ', 5101, 7000, 1899, '', 300, 1),
(1511150004, '2015-11-15 11:15:37', '2015-11-15 11:15:37', '2015-11-15 03:15:46', 7, 'MhsC', 'T5', 'ZUHIZ', 5101, 7000, 1899, '', 300, 0),
(1511150005, '2015-11-15 11:16:01', '2015-11-15 11:16:01', '2015-11-15 03:16:01', 7, 'SWfc', 'T5', 'ZUHIZ', 5101, 7000, 1899, '', 300, 1),
(1511150006, '2015-11-15 11:16:23', '2015-11-15 11:16:23', '2015-11-15 03:16:23', 1, 'AdMn', '', '0', 0, 200000, 0, '', 400, 1),
(1511150007, '2015-11-15 11:17:15', '2015-11-15 11:17:15', '2015-11-15 03:17:15', 1, 'AdMn', '', '0', 0, 100000, 0, '', 400, 1),
(1511150008, '2015-11-15 11:17:22', '2015-11-15 11:17:22', '2015-11-15 03:17:22', 1, 'AdMn', '', '0', 300266, 0, 0, '', 500, 1),
(1511150009, '2015-11-15 11:18:00', '2015-11-15 11:18:00', '2015-11-15 03:18:00', 86, 'vFuJ', 'L100', 'qbeay', 100451, 103000, 2549, '', 100, 1),
(1511150010, '2015-11-15 11:18:22', '2015-11-15 11:18:22', '2015-11-15 03:18:22', 25, 'IsWq', 'L100', 'qbeay', 100451, 103000, 2549, '', 100, 1),
(1511150011, '2015-11-15 11:18:40', '2015-11-15 11:18:40', '2015-11-15 03:18:40', 26, '0N3k', 'L50', 'AlqPY', 50451, 53000, 2549, '', 100, 1),
(1511160001, '2015-11-16 17:35:56', '2015-11-16 17:35:56', '2015-11-29 04:45:50', 10, 'aqXg', 'I10', 'wpcXA', 10601, 12000, 1399, '', 100, 1),
(1511160002, '2015-11-16 17:36:18', '2015-11-16 17:36:18', '2015-11-29 04:45:50', 10, 'QlzD', 'S20', 'PVYWZ', 20551, 22000, 1449, '', 100, 1),
(1511160003, '2015-11-16 17:36:31', '2015-11-16 17:36:31', '2015-11-29 04:45:50', 10, 'seZM', 'X25', 'SuF2S', 25401, 27000, 1599, '', 100, 1),
(1511160004, '2015-11-16 17:37:16', '2015-11-16 17:37:16', '2015-11-16 10:23:56', 1, 'AdMn', '', '0', 0, 110000, 0, '', 400, 0),
(1511160005, '2015-11-16 18:23:49', '2015-11-16 18:23:49', '2015-11-16 10:23:49', 1, 'AdMn', '', '0', 105063, 0, 0, '', 500, 1),
(1511160006, '2015-11-16 18:33:03', '2015-11-16 18:33:03', '2015-11-18 08:42:59', 26, '6dl6', 'S10', 'deK9U', 10726, 12000, 1274, '', 100, 1),
(1511160007, '2015-11-16 18:33:29', '2015-11-16 18:33:29', '2015-11-16 10:33:29', 26, '5xSh', 'X10', '2C0SN', 10751, 12000, 1249, '', 100, 1),
(1511160008, '2015-11-16 18:33:49', '2015-11-16 18:33:49', '2015-11-21 05:48:51', 12, 'g7Ue', 'S10', 'deK9U', 10726, 12000, 1274, '', 100, 1),
(1511160009, '2015-11-16 18:34:07', '2015-11-16 18:34:07', '2015-11-21 05:48:51', 12, 'AxoQ', 'X5', 'J077t', 5751, 7000, 1249, '', 100, 1),
(1511160010, '2015-11-16 18:34:20', '2015-11-16 18:34:20', '2015-11-21 15:24:34', 46, '1wN6', 'S10', 'deK9U', 10726, 12000, 1274, '', 100, 1),
(1511160011, '2015-11-16 18:40:10', '2015-11-16 18:40:10', '2015-11-21 15:24:34', 46, 'ri5Q', 'T10', 'YdeUV', 10001, 12000, 1999, '', 100, 1),
(1511160012, '2015-11-16 18:42:03', '2015-11-16 18:42:03', '2015-11-21 05:48:51', 12, 'cSV9', 'S10', 'deK9U', 10726, 12000, 1274, '', 100, 1),
(1511160013, '2015-11-16 20:31:19', '2015-11-16 20:31:19', '2015-11-16 12:31:38', 1, 'AdMn', '', '0', 0, 388488, 0, '', 400, 0),
(1511160014, '2015-11-16 20:31:52', '2015-11-16 20:31:52', '2015-11-16 12:31:52', 1, 'AdMn', '', '0', 0, 388000, 0, '', 400, 1),
(1511160015, '2015-11-16 20:32:06', '2015-11-16 20:32:06', '2015-11-18 08:47:06', 1, 'AdMn', '', '0', 0, 0, 0, '', 500, 0),
(1511160016, '2015-11-16 20:33:08', '2015-11-16 20:33:08', '2015-11-16 12:33:08', 26, '4JV2', 'X10', '2C0SN', 10751, 12000, 1249, '', 100, 1),
(1511160017, '2015-11-16 20:33:23', '2015-11-16 20:33:23', '2015-11-16 12:33:23', 26, '5xSh', 'X25', 'SuF2S', 25401, 27000, 1599, '', 100, 1),
(1511160018, '2015-11-16 20:34:20', '2015-11-16 20:34:20', '2015-11-16 12:34:20', 26, 'yokV', 'L50', 'AlqPY', 50451, 53000, 2549, '', 100, 1),
(1511160019, '2015-11-16 20:35:36', '2015-11-16 20:35:36', '2015-11-16 12:35:36', 26, '0N3k', 'L50', 'AlqPY', 50451, 53000, 2549, '', 100, 1),
(1511160020, '2015-11-16 23:21:13', '2015-11-16 23:21:13', '2015-11-18 08:39:43', 11, 'Om53', 'X5', 'J077t', 5751, 7000, 1249, '', 300, 1),
(1511170001, '2015-11-17 18:47:55', '2015-11-17 18:47:55', '2015-11-17 10:48:00', 2, 'dkA9', 'L20', '8YhQD', 18751, 22000, 3249, '', 300, 0),
(1511180001, '2015-11-18 15:12:33', '2015-11-18 15:12:33', '2015-11-29 05:02:50', 2, 'dkA9', 'L50', 'AlqPY', 50451, 53000, 2549, '', 100, 1),
(1511180002, '2015-11-18 15:15:26', '2015-11-18 15:15:26', '2015-11-21 05:47:30', 21, 'KQrh', 'X5', 'J077t', 5751, 7000, 1249, '', 100, 1),
(1511180003, '2015-11-18 15:15:55', '2015-11-18 15:15:55', '2015-11-22 03:55:39', 17, '0Z60', 'I10', 'wpcXA', 10601, 12000, 1399, '', 100, 1),
(1511180004, '2015-11-18 15:16:13', '2015-11-18 15:16:13', '2015-11-18 07:16:13', 7, 'MhsC', 'T5', 'ZUHIZ', 5101, 7000, 1899, '', 300, 1),
(1511180005, '2015-11-18 15:16:48', '2015-11-18 15:16:48', '2015-11-18 07:16:48', 1, 'AdMn', '', '0', 0, 110000, 0, '', 400, 1),
(1511180006, '2015-11-18 16:38:43', '2015-11-18 16:38:43', '2015-11-18 08:38:43', 82, 'O9N3', 'T10', 'YdeUV', 10001, 12000, 1999, '', 300, 1),
(1511180007, '2015-11-18 16:47:39', '2015-11-18 16:47:39', '2015-11-18 08:57:14', 1, 'AdMn', '', '0', 0, 0, 0, '', 500, 0),
(1511180008, '2015-11-18 16:50:26', '2015-11-18 16:50:26', '2015-11-29 04:45:50', 10, 'fUIA', 'S50', 'Pndd1', 50001, 52000, 1999, '', 100, 1),
(1511180009, '2015-11-18 16:51:02', '2015-11-18 16:51:02', '2015-11-29 04:45:50', 10, 'CUzh', 'I25', 'e4vG1', 25601, 27000, 1399, '', 100, 1),
(1511180010, '2015-11-18 16:51:26', '2015-11-18 16:51:26', '2015-11-29 04:46:11', 53, 'wpxb', 'T5', 'ZUHIZ', 5101, 7000, 1899, '', 200, 1),
(1511180011, '2015-11-18 16:57:24', '2015-11-18 16:57:24', '2015-11-18 08:57:24', 1, 'AdMn', '', '0', 388488, 0, 0, '', 500, 1),
(1511180012, '2015-11-18 17:13:24', '2015-11-18 17:13:24', '2015-11-18 09:13:37', 2, 'ffTM', 'T10', 'YdeUV', 10001, 12000, 1999, '', 300, 0),
(1511180013, '2015-11-18 17:14:58', '2015-11-18 17:14:58', '2015-11-18 09:17:53', 2, 'ffTM', 'T5', 'ZUHIZ', 5101, 7000, 1899, '', 300, 0),
(1511180014, '2015-11-18 18:13:28', '2015-11-18 18:13:28', '2015-11-18 10:18:26', 2, 'ffTM', 'T5', 'ZUHIZ', 5101, 7000, 1899, '', 300, 0),
(1511180015, '2015-11-18 18:13:47', '2015-11-18 18:13:47', '2015-11-18 10:18:22', 2, 'ffTM', 'T5', 'ZUHIZ', 5101, 7000, 1899, '', 300, 0),
(1511180016, '2015-11-18 18:18:10', '2015-11-18 18:18:10', '2015-11-18 10:18:16', 2, 'ffTM', 'T5', 'ZUHIZ', 5101, 7000, 1899, '', 300, 0),
(1511180017, '2015-11-18 18:58:18', '2015-11-18 18:58:18', '2015-11-18 10:58:22', 1, 'AdMn', '', '0', 0, 0, 0, '', 650, 0),
(1511180018, '2015-11-18 18:58:36', '2015-11-18 18:58:36', '2015-11-18 10:58:42', 1, 'AdMn', '', '0', 0, 0, 0, '', 600, 0),
(1511180019, '2015-11-18 18:58:52', '2015-11-18 18:58:52', '2015-11-18 10:58:56', 1, 'AdMn', '', '0', 0, 12121, 0, '', 400, 0),
(1511180020, '2015-11-18 18:59:12', '2015-11-18 18:59:12', '2015-11-18 10:59:16', 1, 'AdMn', '', '0', 0, 0, 0, '', 600, 0),
(1511180021, '2015-11-18 18:59:40', '2015-11-18 18:59:40', '2015-11-18 10:59:47', 1, 'AdMn', '', '0', 0, 0, 0, '', 500, 0),
(1511180022, '2015-11-18 19:02:13', '2015-11-18 19:02:13', '2015-11-18 11:02:16', 1, 'AdMn', '', '0', 0, 0, 0, '', 600, 0),
(1511180023, '2015-11-18 21:51:03', '2015-11-18 21:51:03', '2015-11-21 15:24:57', 81, '0kz8', 'T10', 'YdeUV', 10001, 12000, 1999, '', 100, 1),
(1511190001, '2015-11-19 10:09:48', '2015-11-19 10:09:48', '2015-11-21 15:25:14', 18, 'X7FF', 'T10', 'YdeUV', 10001, 12000, 1999, '', 100, 1),
(1511190002, '2015-11-19 13:39:07', '2015-11-19 13:39:07', '2015-11-29 04:45:50', 10, 'aIhO', 'T5', 'ZUHIZ', 5101, 7000, 1899, '', 100, 1),
(1511190003, '2015-11-19 13:39:25', '2015-11-19 13:39:25', '2015-11-29 04:45:50', 10, 'TIVj', 'AX5', 'kaf5M', 5851, 7000, 1149, '', 100, 1),
(1511190004, '2015-11-19 15:01:56', '2015-11-19 15:01:56', '2015-11-21 15:24:34', 46, 'pUJ6', 'S20', 'PVYWZ', 20551, 22000, 1449, '', 100, 1),
(1511190005, '2015-11-19 22:01:00', '2015-11-19 22:01:00', '2015-11-22 03:57:05', 12, 'cSV9', 'S10', 'deK9U', 10851, 12000, 1149, '', 100, 1),
(1511190006, '2015-11-19 23:12:24', '2015-11-19 23:12:24', '2015-11-21 05:47:04', 36, 'Qzqo', 'S50', 'Pndd1', 50001, 52000, 1999, '', 100, 1),
(1511200001, '2015-11-20 11:24:00', '2015-11-20 11:24:00', '2015-11-20 03:24:00', 1, 'AdMn', '', '0', 109862, 0, 0, '', 500, 1),
(1511200002, '2015-11-20 11:25:26', '2015-11-20 11:25:26', '2015-11-21 15:24:34', 46, '1wN6', 'S10', 'deK9U', 10851, 12000, 1149, '', 100, 1),
(1511200003, '2015-11-20 21:13:24', '2015-11-20 21:13:24', '2015-11-20 13:13:24', 26, 'yokV', 'L50', 'AlqPY', 50451, 53000, 2549, '', 100, 1),
(1511210001, '2015-11-21 19:59:09', '2015-11-21 19:59:09', '2015-11-29 04:45:50', 10, 'TIVj', 'AX10', 'aGUST', 10851, 12000, 1149, '', 100, 1),
(1511210002, '2015-11-21 21:51:54', '2015-11-21 21:51:54', '2015-11-21 15:25:20', 26, '5xSh', 'X25', 'SuF2S', 25401, 27000, 1599, '', 100, 1),
(1511220001, '2015-11-22 08:32:18', '2015-11-22 08:32:18', '2015-11-29 04:46:00', 12, 'AxoQ', 'X10', '2C0SN', 10751, 12000, 1249, '', 100, 1),
(1511220002, '2015-11-22 11:08:11', '2015-11-22 11:08:11', '2015-11-22 06:15:10', 1, 'AdMn', '', '0', 0, 0, 0, '', 650, 0),
(1511220003, '2015-11-22 11:28:18', '2015-11-22 11:28:18', '2015-11-22 03:28:18', 1, 'AdMn', '', '0', 0, 350000, 0, '', 400, 1),
(1511220004, '2015-11-22 11:28:29', '2015-11-22 11:28:29', '2015-11-22 03:28:29', 1, 'AdMn', '', '0', 300699, 0, 0, '', 500, 1),
(1511220005, '2015-11-22 11:29:07', '2015-11-22 11:29:07', '2015-11-22 03:55:39', 17, 'btNc', 'L50', 'AlqPY', 50451, 53000, 2549, '', 100, 1),
(1511220006, '2015-11-22 11:54:54', '2015-11-22 11:54:54', '2015-11-22 03:54:54', 7, 'MhsC', 'T10', 'YdeUV', 10001, 12000, 1999, '', 300, 1),
(1511220007, '2015-11-22 14:00:04', '2015-11-22 14:00:04', '2015-11-22 06:00:04', 25, '9kOz', 'X100', 'Rbhor', 100201, 102000, 1799, '', 100, 1),
(1511220008, '2015-11-22 23:08:16', '2015-11-22 23:08:16', '2015-11-26 23:46:41', 32, '5wkr', 'B100', 'bkudx', 97551, 102000, 4449, '', 200, 1),
(1511230001, '2015-11-23 10:32:26', '2015-11-23 10:32:26', '2015-11-23 02:42:20', 86, 'nce0', 'S5', '8OftS', 5851, 7000, 1149, '', 100, 1),
(1511230002, '2015-11-23 10:33:18', '2015-11-23 10:33:18', '2015-11-29 04:45:50', 10, 'fUIA', 'S25', 'vuC6x', 25576, 27000, 1424, '', 100, 1),
(1511230003, '2015-11-23 10:37:23', '2015-11-23 10:37:23', '2015-11-29 04:45:50', 10, 'QkL1', 'X10', '2C0SN', 10751, 12000, 1249, '', 100, 1),
(1511230004, '2015-11-23 10:38:41', '2015-11-23 10:38:41', '2015-11-23 02:38:41', 1, 'AdMn', '', '0', 49201, 0, 0, '', 500, 1),
(1511230005, '2015-11-23 10:39:28', '2015-11-23 10:39:28', '2015-11-29 04:45:50', 10, 'CUzh', 'I25', 'e4vG1', 25451, 27000, 1549, '', 100, 1),
(1511230006, '2015-11-23 20:20:12', '2015-11-23 20:20:12', '2015-11-29 04:46:00', 12, 'Dcnq', 'AX10', 'aGUST', 10851, 12000, 1149, '', 100, 1),
(1511230007, '2015-11-23 21:10:30', '2015-11-23 21:10:30', '2015-11-23 13:10:30', 17, '0Z60', 'I10', 'wpcXA', 10601, 12000, 1399, '', 300, 1),
(1511230008, '2015-11-23 21:53:53', '2015-11-23 21:53:53', '2015-11-29 04:45:50', 10, 'TIVj', 'AX5', 'kaf5M', 5851, 7000, 1149, '', 100, 1),
(1511240001, '2015-11-24 17:14:09', '2015-11-24 17:14:09', '2015-11-24 09:25:05', 1, 'AdMn', '', '0', 0, 305000, 0, '', 400, 0),
(1511240002, '2015-11-24 17:55:18', '2015-11-24 17:55:18', '2015-11-24 09:55:40', 1, 'AdMn', '', '0', 0, 310000, 0, '', 400, 0),
(1511250001, '2015-11-25 10:06:16', '2015-11-25 10:06:16', '2015-11-25 02:06:16', 1, 'AdMn', '', '0', 0, 310000, 0, '', 400, 1),
(1511250002, '2015-11-25 14:32:21', '2015-11-25 14:32:21', '2015-11-25 06:32:21', 1, 'AdMn', '', '0', 300944, 0, 0, '', 500, 1),
(1511250003, '2015-11-25 17:04:40', '2015-11-25 17:04:40', '2015-11-25 09:04:40', 90, 'PvlC', 'S10', 'deK9U', 10851, 12000, 1149, '', 100, 1),
(1511250004, '2015-11-25 20:38:25', '2015-11-25 20:38:25', '2015-11-30 05:42:13', 35, 'mlVE', 'L100', 'qbeay', 100451, 103000, 2549, '', 300, 0),
(1511250005, '2015-11-25 20:45:23', '2015-11-25 20:45:23', '2015-11-30 05:42:30', 35, 'mlVE', 'L100', 'qbeay', 100451, 103000, 2549, '', 100, 1),
(1511270001, '2015-11-27 07:43:13', '2015-11-27 07:43:13', '2015-11-29 04:44:30', 91, '7B46', 'I10', 'wpcXA', 10601, 12000, 1399, '', 100, 1),
(1511270002, '2015-11-27 07:44:45', '2015-11-27 07:44:45', '2015-11-29 04:46:11', 53, 'wpxb', 'T10', 'YdeUV', 10001, 12000, 1999, '', 200, 1),
(1511270003, '2015-11-27 07:45:08', '2015-11-27 07:45:08', '2015-11-29 05:02:50', 2, 'ffTM', 'T20', 'pYDUP', 19901, 22000, 2099, '', 100, 1),
(1511270004, '2015-11-27 07:45:20', '2015-11-27 07:45:20', '2015-11-26 23:45:20', 6, 'PJUO', 'T5', 'ZUHIZ', 5101, 7000, 1899, '', 300, 1),
(1511270005, '2015-11-27 07:45:57', '2015-11-27 07:45:57', '2015-11-30 05:42:09', 26, '0N3k', 'L50', 'AlqPY', 50451, 53000, 2549, '', 100, 1),
(1511270006, '2015-11-27 08:32:26', '2015-11-27 08:32:26', '2015-11-27 00:32:26', 1, 'AdMn', '', '0', 110935, 0, 0, '', 500, 1),
(1511270007, '2015-11-27 08:32:47', '2015-11-27 08:32:47', '2015-11-30 05:42:17', 2, 'dkA9', 'L100', 'qbeay', 100451, 103000, 2549, '', 300, 1),
(1511270008, '2015-11-27 22:23:01', '2015-11-27 22:23:01', '2015-11-30 05:42:21', 26, '0N3k', 'L50', 'AlqPY', 50451, 53000, 2549, '', 100, 1),
(1511270009, '2015-11-27 22:26:45', '2015-11-27 22:26:45', '2015-11-29 04:46:25', 81, '0kz8', 'T10', 'YdeUV', 10001, 12000, 1999, '', 100, 1),
(1511270010, '2015-11-27 22:27:38', '2015-11-27 22:27:38', '2015-11-29 04:45:50', 10, 'aIhO', 'T5', 'ZUHIZ', 5101, 7000, 1899, '', 100, 1),
(1511280001, '2015-11-28 08:10:36', '2015-11-28 08:10:36', '2015-11-28 00:10:36', 73, 'veEj', 'X10', '2C0SN', 10751, 12000, 1249, '', 100, 1),
(1511280002, '2015-11-28 08:10:53', '2015-11-28 08:10:53', '2015-11-28 00:10:53', 1, 'AdMn', '', '0', 0, 250000, 0, '', 400, 1),
(1511280003, '2015-11-28 08:11:24', '2015-11-28 08:11:24', '2015-11-28 00:11:24', 1, 'AdMn', '', '0', 250337, 0, 0, '', 500, 1),
(1511280004, '2015-11-28 08:11:47', '2015-11-28 08:11:47', '2015-11-30 05:42:24', 25, 'IsWq', 'L100', 'qbeay', 100451, 103000, 2549, '', 100, 1),
(1511280005, '2015-11-28 20:01:48', '2015-11-28 20:01:48', '2015-11-28 12:01:48', 10, 'TIVj', 'AX10', 'aGUST', 10851, 12000, 1149, '', 300, 1),
(1511290001, '2015-11-29 12:10:43', '2015-11-29 12:10:43', '2015-11-29 04:10:43', 7, 'MhsC', 'T10', 'YdeUV', 10001, 12000, 1999, '', 300, 1),
(1511290002, '2015-11-29 12:43:31', '2015-11-29 12:43:31', '2015-11-29 04:46:00', 12, 'AxoQ', 'X10', '2C0SN', 10851, 12000, 1149, '', 100, 1),
(1511290003, '2015-11-29 13:14:27', '2015-11-29 13:14:27', '2015-11-29 05:14:27', 1, 'AdMn', '', '0', 0, 0, 157000, '', 610, 1),
(1511290004, '2015-11-29 13:28:25', '2015-11-29 13:28:25', '2015-11-29 05:28:25', 1, 'AdMn', '', '0', 0, 0, 15427, '', 650, 1),
(1511290005, '2015-11-29 13:29:35', '2015-11-29 13:29:35', '2015-11-29 05:33:26', 1, 'AdMn', '', '0', 0, 406000, 0, '', 400, 1),
(1511300001, '2015-11-30 11:12:42', '2015-11-30 11:12:42', '2015-11-30 03:12:42', 17, '0Z60', 'I5', 'Gw9dY', 5601, 7000, 1399, '', 300, 1),
(1511300002, '2015-11-30 13:38:47', '2015-11-30 13:38:47', '2015-11-30 05:49:32', 26, 'yokV', 'L50', 'AlqPY', 50451, 53000, 2549, '', 100, 1),
(1511300003, '2015-11-30 13:43:40', '2015-11-30 13:43:40', '2015-11-30 05:43:40', 10, 'TIVj', 'AX5', 'kaf5M', 5851, 7000, 1149, '', 300, 1),
(1511300004, '2015-11-30 13:44:15', '2015-11-30 13:44:15', '2015-11-30 05:44:15', 8, 'HUfm', 'AX50', 'mKo4y', 50201, 52000, 1799, '', 300, 1),
(1511300005, '2015-11-30 13:45:29', '2015-11-30 13:45:29', '2015-11-30 05:45:29', 10, 'CUzh', 'I25', 'e4vG1', 25451, 27000, 1549, '', 300, 1),
(1511300006, '2015-11-30 13:46:32', '2015-11-30 13:46:32', '2015-11-30 05:46:32', 1, 'AdMn', '', '0', 300084, 0, 0, '', 500, 1),
(1511300007, '2015-11-30 13:47:19', '2015-11-30 13:47:19', '2015-11-30 05:47:19', 10, 'fUIA', 'S50', 'Pndd1', 50001, 52000, 1999, '', 300, 1),
(1511300008, '2015-11-30 13:47:42', '2015-11-30 13:47:42', '2015-11-30 05:47:42', 12, 'cSV9', 'S10', 'deK9U', 10851, 12000, 1149, '', 300, 1),
(1511300009, '2015-11-30 21:12:56', '2015-11-30 21:12:56', '2015-11-30 13:12:56', 26, '0N3k', 'L50', 'AlqPY', 50451, 53000, 2549, '', 100, 1);

-- --------------------------------------------------------

--
-- Table structure for table `str_user`
--

CREATE TABLE IF NOT EXISTS `str_user` (
  `user_id` int(11) NOT NULL AUTO_INCREMENT,
  `user_uid` varchar(14) NOT NULL,
  `user_pass` varchar(40) NOT NULL,
  `user_fname` char(24) NOT NULL,
  `user_lname` char(24) NOT NULL,
  `nomor_ut` varchar(4) NOT NULL,
  `user_lvl` varchar(5) NOT NULL,
  `user_email` char(64) NOT NULL,
  `user_group` varchar(16) NOT NULL,
  `user_saldo` int(9) NOT NULL,
  `user_reg_time` datetime NOT NULL,
  `user_stat` tinyint(1) NOT NULL,
  PRIMARY KEY (`user_id`),
  KEY `cus_id` (`user_id`),
  KEY `cus_id_2` (`user_id`)
) ENGINE=MyISAM  DEFAULT CHARSET=latin1 AUTO_INCREMENT=92 ;

--
-- Dumping data for table `str_user`
--

INSERT INTO `str_user` (`user_id`, `user_uid`, `user_pass`, `user_fname`, `user_lname`, `nomor_ut`, `user_lvl`, `user_email`, `user_group`, `user_saldo`, `user_reg_time`, `user_stat`) VALUES
(1, 'admin', '7fe79979ac3559b85e13da16962241ed5653ce8c', 'Indra', 'Hermanto', 'AdMn', 'admin', 'indrapastisukses@gmail.com', 'rumah', 0, '2015-11-05 23:20:36', 1),
(2, 'indraahermanto', '7fe79979ac3559b85e13da16962241ed5653ce8c', 'Indra', 'Hermanto', '', 'cust', 'instamaxv@gmail.com', 'rumah', 0, '2015-10-11 23:16:29', 1),
(5, 'an388', '985c66809199556f150c5a2deaeff5841666f96e', 'Anah', 'Rumah', 'aGk5', 'cust', '', 'rumah', 0, '2015-11-08 23:22:56', 1),
(6, 'an001', '60b0085177bdb89f35a4170dd7fac256773db94e', 'Anto', 'Rumah', 'PJUO', 'cust', '', 'rumah', 0, '2015-11-08 23:22:56', 1),
(7, 'an243', 'edb792b152d5f00717f1bf7a60885fb3731dd87a', 'Anton', 'Smk', 'MhsC', 'cust', '', 'smk', 0, '2015-11-08 23:22:56', 1),
(8, 'di847', 'dc90e2f5d98dce3f0be9e2c3f4f06d513abfcd38', 'Didah', 'Unpam', 'HUfm', 'cust', '', 'unpam', 0, '2015-11-08 23:22:56', 1),
(10, 'ev464', '9587265bb80ca8ab8a8a50091bf633cfbaccfde7', 'Evva', 'Unpam', 'TIVj', 'cust', '', 'unpam', 0, '2015-11-08 23:22:56', 1),
(11, 'fa491', 'b5ee21bdd1bbad1e49ad47a6e34b5db3d1d63583', 'Fajar', 'Unpam', 'MduE', 'cust', '', 'unpam', 0, '2015-11-08 23:22:56', 1),
(12, 'fi169', '6204076a4aab3b7b3f605db481f4767b0ac78d22', 'Fira', 'Unpam', 'Dcnq', 'cust', '', 'unpam', 0, '2015-11-08 23:22:56', 1),
(13, 'gi908', 'b4612d5b2b3f511a162932ae69d25d78122a7417', 'Gilang', 'Smk', 'g15n', 'cust', '', 'smk', 0, '2015-11-08 23:22:56', 1),
(14, 'gu348', '138c6e02608cfc649ccfc4a28d93af21d0912897', 'Gugun', 'Rmk', 'br2k', 'cust', '', 'rmk', 0, '2015-11-08 23:22:56', 1),
(15, 'he743', '3318572570399dbc28bb06e486fa4991e5e76d8d', 'Hendi', 'Rmk', 'UDVz', 'cust', '', 'rmk', 0, '2015-11-08 23:22:56', 1),
(16, 'in306', '0c4328a9527a865eb56104b8a69e6b1750586abd', 'Inggar', 'Smk', '0bxR', 'cust', '', 'smk', 0, '2015-11-08 23:22:56', 1),
(17, 'mi030', '69478087f7a3bbec0a0bf78b279262222f77cecc', 'Mika', 'Rumah', '0Z60', 'cust', '', 'rumah', 0, '2015-11-08 23:22:56', 1),
(18, 'ka242', '672a77544e04b6cd9505fcdfc5038e3fb5de0104', 'Kamila', 'Unpam', 'Ac4r', 'cust', '', 'unpam', 0, '2015-11-08 23:22:56', 1),
(19, 'mi155', '47894070b51bdf00b35362dd5c00d4b1d1e50471', 'Misbun', 'Rmk', '7T6l', 'cust', '', 'rmk', 0, '2015-11-08 23:22:56', 1),
(20, 'ra495', 'bd6620676422bda7240ab2b23cf5ecb3f08eccd7', 'Rainey', 'Rmk', 'bSf1', 'cust', '', 'rmk', 0, '2015-11-08 23:22:56', 1),
(22, 'sy805', 'cd4d1b77decdfbbc14c5b5a60949535fb050f045', 'Syifa', 'Smk', '42nn', 'cust', '', 'smk', 0, '2015-11-08 23:22:56', 1),
(24, 'uj009', '5d734e628cefe2d5b50566692b9a1f0180572408', 'Ujang', 'Rmk', 'HgkE', 'cust', '', 'rmk', 0, '2015-11-08 23:22:56', 1),
(29, 'ma091', 'a121d4a721c251c01431e7b55bf8273b7121ee53', 'Malik', 'Rmk', 'pkOc', 'cust', '', 'rmk', 0, '2015-11-08 23:22:56', 1),
(32, 'yo212', '872e78007c722902e55248a8d73fae3b0fa70470', 'Yosep', 'Rmk', 'WYSk', 'cust', '', 'rmk', 0, '2015-11-08 23:22:56', 1),
(33, 'sb233', 'dbf4dc6fd9495bec7cca5ecacc6043a19649a45e', 'Sbm', 'Rmk', 'aD5j', 'cust', '', 'rmk', 0, '2015-11-08 23:22:56', 1),
(34, 'sy330', '5e60fb1fcffc23628267312fcd31659e54d7fa24', 'Syaiful', 'Rmk', 'gTaD', 'cust', '', 'rmk', 0, '2015-11-08 23:22:56', 1),
(36, 'ca134', '1d5014e7d3275b8c21c8d6ad10480b659276543a', 'Cacan', 'Unpam', 'Qzqo', 'cust', '', 'unpam', 0, '2015-11-08 23:22:56', 1),
(37, 'bu696', '0e2a0977c40048ba4b5805bfbde17c4fbac650ae', 'Buana', 'Smk', 'Hlgd', 'cust', '', 'smk', 0, '2015-11-08 23:22:56', 1),
(41, 'ed159', '8d01d099a47f37940318c29a00be53aaf2115ec7', 'Edi', 'Rmk', '64lP', 'cust', '', 'rmk', 0, '2015-11-08 23:22:56', 1),
(42, 'ni166', 'eecdf439dc070fd674c7efbdb7073096d3a2fcf2', 'Nita', 'Rmk', 'ZAFl', 'cust', '', 'rmk', 0, '2015-11-08 23:22:56', 1),
(43, 'nu289', '2630e37c2c524ce0a7b4c4e0d020f0d827f74b09', 'Nurmalasari', 'Smk', 'G3lF', 'cust', '', 'smk', 0, '2015-11-08 23:22:56', 1),
(45, 'bu760', '52ef2d2d598ab785e4d1440b95a2045164035ef5', 'Budiono', 'Rmk', 'Yez0', 'cust', '', 'rmk', 0, '2015-11-08 23:22:56', 1),
(46, 'li586', '17c532b00ab089f7a5ef0b5288ea39687359ed21', 'Litra', 'Unpam', '1wN6', 'cust', '', 'unpam', 0, '2015-11-08 23:22:56', 1),
(49, 'ti996', '9229ca532c61b58568980c90c0edf06a7d89b8e9', 'Tiyo', 'Rumah', 'BCYQ', 'cust', '', 'rumah', 0, '2015-11-08 23:22:56', 1),
(66, 'ah497', 'ffc4d712fe7a3f82331c89443c19040110ee365d', 'Ahmadi', 'Unpam', 'V3C2', 'cust', '', 'unpam', 0, '2015-11-08 23:22:56', 1),
(68, 'er792', '34ebb4a2a3acef309112df48f0c4befacd09b0fb', 'Erwin', 'Rmk', 'IOSx', 'cust', '', 'rmk', 0, '2015-11-08 23:22:56', 1),
(76, 'wa721', '2b5bfb091468fe591e613d7f7e5da4371d0f75be', 'Wawa', 'Depok', 'V7hr', 'cust', '', 'depok', 0, '2015-11-08 23:22:56', 1),
(77, 'pi353', '51f2df345f316ec81219bf1a250052e3a5b82857', 'Pili', 'Depok', 'xsZs', 'cust', '', 'depok', 0, '2015-11-08 23:22:56', 1),
(86, 'su718', '77bb447880061fe76f282e7bb66b27980c24ae47', 'Sugeng', 'Rumah', 'DUKs', 'cust', '', 'rumah', 0, '2015-11-08 23:22:56', 1),
(23, 'tr037', '6abc27c5085a6a35556a273c864593ef52565aa4', 'Tri', 'A', 'GYjT', 'cust', '', 'smk', 0, '2015-11-08 23:22:56', 1),
(57, 'pu620', '0b9967bc9d7ee9dec66916b96ec5ed157d0e2051', 'Putri', 'A unpam', 'jxZh', 'cust', '', 'unpam', 0, '2015-11-08 23:22:56', 1),
(38, 'fa421', 'de9a73b3fa238d1af82dde34fe55060579efe657', 'Fauzan', 'Ak', 'qgnj', 'cust', '', 'rmk', 0, '2015-11-08 23:22:56', 1),
(4, 'ad432', 'ba40269b607f15f3bfa88c880b301f22e069e415', 'Ade', 'Alimron', 'z6O2', 'cust', '', 'smk', 0, '2015-11-08 23:22:56', 1),
(25, 'wi787', '83109b56b8af9a9ca5722d79a9636d1b91af985c', 'Wisma', 'Andre', '9kOz', 'cust', '', 'rumah', 0, '2015-11-08 23:22:56', 1),
(39, 'el613', '17ea00d0dc3aa4b653b0e1a3b2665f68c80e2b10', 'Elis', 'Bpr', 'Ibx1', 'cust', '', 'rmk', 0, '2015-11-08 23:22:56', 1),
(31, 'wi923', 'deaf9230b13d010d0b78792fc24ab67537f89341', 'Wisma', 'C', 'cBKg', 'cust', '', 'rumah', 0, '2015-11-08 23:22:56', 1),
(35, 'wi444', '3f4e90fef6ef07c83e059ce41f6f89ad4e97a01a', 'Wisma', 'D', 'mlVE', 'cust', '', 'rumah', 0, '2015-11-08 23:22:56', 1),
(40, 'wi360', '26bb9fdc69f47c10d5495ad91ca9e49af2275da3', 'Wisma', 'G', 'c6wt', 'cust', '', 'rumah', 0, '2015-11-08 23:22:56', 1),
(28, 'fa625', 'cece669a37d0eb272b1b2c6d1cdb4430226684f5', 'Fauzan', 'Hrd', '6UEK', 'cust', '', 'rmk', 0, '2015-11-08 23:22:56', 1),
(48, 'bu000', 'd1fd2c2e0d4f5d0576ca57b44b39a74ae26413c0', 'Bu', 'Ling ling', 'tRpw', 'cust', '', 'rmk', 0, '2015-11-08 23:22:56', 1),
(83, 'im631', 'd77d9efdac83898bd64bade0f07c9672457e6963', 'Imam', 'Mpe unpam', 'elNJ', 'cust', '', 'unpam', 0, '2015-11-08 23:22:56', 1),
(21, 'si465', '5205f879215ae070810a83e0989783752cea03d3', 'Siti', 'Nurjanah', 'KQrh', 'cust', '', 'unpam', 0, '2015-11-08 23:22:56', 1),
(67, 'sy979', 'c8a6945066b1761dc72891b3e0f537bf4248e875', 'Syarif', 'Pst', 'wlFN', 'cust', '', 'rmk', 0, '2015-11-08 23:22:56', 1),
(44, 'sa112', '706023fc9ca1d606b39b9fa0085ab881c1e64378', 'Sahni', 'Rks', 'qlXP', 'cust', '', 'rmk', 0, '2015-11-08 23:22:56', 1),
(27, 'ki894', '1cf0274d952a1dee90b83f5efca401e79490238f', 'Kiki', 'Rmk', 'Z7R9', 'cust', '', 'rmk', 0, '2015-11-08 23:22:56', 1),
(30, 'pu297', '4bf56e04e547ae15aa650766b416fb3abf2d1012', 'Putri', 'Rmk', 'vdxl', 'cust', '', 'rmk', 0, '2015-11-08 23:22:56', 1),
(50, 'ra448', '8d80e4d4330599474cda0c4f29514180b534624f', 'Rahmat', 'Rmk', '4Q7h', 'cust', '', 'rmk', 0, '2015-11-08 23:22:56', 1),
(53, 'fi546', '53cd99fa1337f06ad5ffc5d1145d10d1c7d3ec96', 'Fikhi', 'Rmk', '5vj4', 'cust', '', 'rmk', 0, '2015-11-08 23:22:56', 1),
(55, 'sl772', '6c12795d7ce803fff6d704dd3243a9bc10c2a7d4', 'Slamet', 'Rmk', 'kQf4', 'cust', '', 'rmk', 0, '2015-11-08 23:22:56', 1),
(61, 'so967', 'b4c50519c180a6ca3df3515dabf146be7b558360', 'Sony', 'Rmk', 'DiH5', 'cust', '', 'rmk', 0, '2015-11-08 23:22:56', 1),
(64, 're838', '9e187343de5c5e1f6f64132912f2c0bec2f43afb', 'Reza', 'Rmk', '7R5F', 'cust', '', 'rmk', 0, '2015-11-08 23:22:56', 1),
(70, 'os255', '79da534ca513d4f3079f2acd284a02388f710e53', 'Osad', 'Rmk', 'Ku3G', 'cust', '', 'rmk', 0, '2015-11-08 23:22:56', 1),
(78, 'yu633', '13e7bba8dcb1de3ac7fd469ac413f622e0c06cfb', 'Yuda', 'Rmk', '7vEG', 'cust', '', 'rmk', 0, '2015-11-08 23:22:56', 1),
(62, 'ag411', '3895f126adc310080baa366b8e9f07866954950b', 'Agus', 'Rmk keu', 'J2jU', 'cust', '', 'rmk', 0, '2015-11-08 23:22:56', 1),
(58, 'ta925', '85b44cca8a1e178565658cb70b5d9b2cab5a027e', 'Tatang', 'Roxy', '1F0t', 'cust', '', 'rmk', 0, '2015-11-08 23:22:56', 1),
(26, 'wi885', '5d367b762d5655c99edc453df72e463e5ea09d15', 'Wisma', 'Sayur', 'ARCU', 'cust', '', 'rumah', 0, '2015-11-08 23:22:56', 1),
(52, 'na497', '97a0613fe1031ce83fe6e1970db8d22ce33dc018', 'Nasrudin', 'Smk', 'pp1d', 'cust', '', 'smk', 0, '2015-11-08 23:22:56', 1),
(54, 'ra169', '25bb3d94c764d8e305863b55f55fbd2f761733bd', 'Rahmah', 'Smk', 'LR2G', 'cust', '', 'smk', 0, '2015-11-08 23:22:56', 1),
(71, 'yo227', 'f916049ade49aeccfd7812ce199b8d1864ad5dca', 'Yoga', 'Smk', '0NnJ', 'cust', '', 'smk', 0, '2015-11-08 23:22:56', 1),
(72, 'ag609', '727e09c5bb549531b4d6cf1329c7e62e52ad6b03', 'Agus', 'Smk', 'fRv9', 'cust', '', 'smk', 0, '2015-11-08 23:22:56', 1),
(74, 'aj369', 'aaa183c8d9f53325e20e6973844a6fdd4abd780e', 'Ajeng', 'Smk', 's5vT', 'cust', '', 'smk', 0, '2015-11-08 23:22:56', 1),
(80, 'fi714', 'b4807a77e6748ac97f8d8fa05d12a5820272abe5', 'Fitri', 'Smk', 'L8Sv', 'cust', '', 'smk', 0, '2015-11-08 23:22:56', 1),
(82, 'pu995', '1c4159e2dfb2108589f1d1ae0894c1bd8a41b016', 'Putri', 'Smk', 'HLno', 'cust', '', 'smk', 0, '2015-11-08 23:22:56', 1),
(3, 'ab429', '513bd5ba951b9a8f6504b6fb61a8bffe742cf0f3', 'Abah', 'Udin', 'sLVJ', 'cust', '', 'rmk', 0, '2015-11-08 23:22:56', 1),
(51, 'sa099', 'a7ca11d500eac740cf0f660c9092a54b3dcd7e04', 'Said', 'Unpam', 'EQRg', 'cust', '', 'unpam', 0, '2015-11-08 23:22:56', 1),
(56, 'pu353', 'dc4de4115c521ab7fdfd920b7c35bcbffb27e66f', 'Putri', 'Unpam', 'uStK', 'cust', '', 'unpam', 0, '2015-11-08 23:22:56', 1),
(59, 'il459', '223c541015d2494bc7737da2368bcbf1b5dbbb24', 'Ilyas', 'Unpam', 'gHNk', 'cust', '', 'unpam', 0, '2015-11-08 23:22:56', 1),
(60, 'an459', 'de7c1c9f05224636e989e7c6b927c507539a851a', 'Anton', 'Unpam', '5Aab', 'cust', '', 'unpam', 0, '2015-11-08 23:22:56', 1),
(63, 'ro156', 'ddf0f445b005764a4bb8967d2502045275b874e7', 'Rozak', 'Unpam', 'TPK6', 'cust', '', 'unpam', 0, '2015-11-08 23:22:56', 1),
(65, 'de220', '8dabf039e956d58edce7fe0e3aec6f7872c01164', 'Debi', 'Unpam', 'rX3b', 'cust', '', 'unpam', 0, '2015-11-08 23:22:56', 1),
(69, 'bh474', '27d1b0bac0da3342360e2547b4a9af2334992680', 'Bhakti', 'Unpam', 'nHRx', 'cust', '', 'unpam', 0, '2015-11-08 23:22:56', 1),
(75, 'im704', '47c8b72ec4d8257d7bcc2598a1e929e884385f46', 'Imam', 'Unpam', 'zq1U', 'cust', '', 'unpam', 0, '2015-11-08 23:22:56', 1),
(79, 'tr937', '695288aa36de3c94c25d5f09e97bd853c00e0c4d', 'Tria', 'Unpam', 'OusX', 'cust', '', 'unpam', 0, '2015-11-08 23:22:56', 1),
(81, 'yu656', '86ee752f4e3d583d2591aebaf0b71b0f60680b76', 'Yudi', 'Unpam', '0kz8', 'cust', '', 'unpam', 0, '2015-11-08 23:22:56', 1),
(84, 'yu049', '0e2892ce32b805edf610d16c6bd700695e5bb20f', 'Yusman', 'Unpam', 'TaHw', 'cust', '', 'unpam', 0, '2015-11-08 23:22:56', 1),
(85, 'de137', '08496e38970e331338463c4d3a7b4c1b38f1dd6f', 'Defit', 'Unpam', 'KVvq', 'cust', '', 'unpam', 0, '2015-11-08 23:22:56', 1),
(87, 'so127', 'c98af8863e4771a0de34291d14fb05abcfa87e80', 'Sodik', 'Unpam', 'hZLI', 'cust', '', 'unpam', 0, '2015-11-08 23:22:56', 1),
(47, 'ma257', '463a9a4b1ae701609b448c4e0a15f49da7420775', 'Mama', 'Yanti', 'Ar7q', 'cust', '', 'rumah', 0, '2015-11-08 23:22:56', 1),
(9, 'ev564', '8642434c8be5433bedebc80454e05c55586d9a08', 'Eva', 'Yuli', 'JSwP', 'cust', '', 'smk', 0, '2015-11-08 23:22:56', 1),
(73, 'ma468', '6094c22d2fcb53260d630fa9894d80a17a36ed4e', 'Mama', 'Zakia', 'NnjL', 'cust', '', 'rumah', 0, '2015-11-08 23:22:56', 1),
(88, 'eng414', '358cb6753a45e11d84b6d5e9e1d1832f08c9b0e6', 'Enggal', 'Unpam', '', 'cust', '', 'unpam', 0, '0000-00-00 00:00:00', 1),
(89, 'kris983', '13745846487c3737a6ff21ae559126a317b8fb5d', 'Kris', 'Unpam', '', 'cust', '', 'unpam', 0, '0000-00-00 00:00:00', 1),
(90, 'awatel', '32bc44ec231fc623cf907427cf1dbc203634caa7', 'Awang', 'Telkom', '', 'cust', '', 'telkom', 0, '0000-00-00 00:00:00', 1),
(91, 'bay994', '16f595eb673ac37947f98776fe2b5f969ac89d90', 'Bayu', 'Unpam', '', 'cust', '', 'unpam', 0, '0000-00-00 00:00:00', 1);

-- --------------------------------------------------------

--
-- Table structure for table `tes_saldo`
--

CREATE TABLE IF NOT EXISTS `tes_saldo` (
  `tes_id` int(3) NOT NULL,
  `tes_kode` char(16) NOT NULL,
  `tes_nama` varchar(32) NOT NULL,
  PRIMARY KEY (`tes_id`)
) ENGINE=InnoDB DEFAULT CHARSET=latin1;

--
-- Dumping data for table `tes_saldo`
--

INSERT INTO `tes_saldo` (`tes_id`, `tes_kode`, `tes_nama`) VALUES
(100, 'cash in pulsa', 'c+'),
(110, 'set in cash', 'c+'),
(120, 'set in bank', 'b+'),
(130, 'set in toped', 't+'),
(140, 'set in pulsa', 'p+'),
(150, 'set in hut', 'pi+'),
(200, 'bank in pulsa', ''),
(300, 'hut in pulsa', ''),
(400, 'trf in', ''),
(500, 'dep in', ''),
(600, 'prof out', ''),
(610, 'prof out cas', ''),
(650, 'modal in', ''),
(700, 'cash in toped', ''),
(800, 'bank in toped', ''),
(900, 'hut in toped', ''),
(950, 'top in toped', ''),
(960, 'cancel cash', ''),
(970, 'cancel bank', ''),
(980, 'cancel toped', ''),
(990, 'cancel hut', '');

/*!40101 SET CHARACTER_SET_CLIENT=@OLD_CHARACTER_SET_CLIENT */;
/*!40101 SET CHARACTER_SET_RESULTS=@OLD_CHARACTER_SET_RESULTS */;
/*!40101 SET COLLATION_CONNECTION=@OLD_COLLATION_CONNECTION */;
